ID;UTC;Temperature[C];Humidity[%];TVOC[ppb];eCO2[ppm];Raw H2;Raw Ethanol;Pressure[hPa];PM1.0;PM2.5;NC0.5;NC1.0;NC2.5;CNT;Fire Alarm
0;1654733331;20.0;57.36;0;400;12306;18520;939.735;0.0;0.0;0.0;0.0;0.0;0;0
1;1654733332;20.015;56.67;0;400;12345;18651;939.744;0.0;0.0;0.0;0.0;0.0;1;0
2;1654733333;20.029;55.96;0;400;12374;18764;939.738;0.0;0.0;0.0;0.0;0.0;2;0
3;1654733334;20.044;55.28;0;400;12390;18849;939.736;0.0;0.0;0.0;0.0;0.0;3;0
4;1654733335;20.059;54.69;0;400;12403;18921;939.744;0.0;0.0;0.0;0.0;0.0;4;0
5;1654733336;20.073;54.12;0;400;12419;18998;939.725;0.0;0.0;0.0;0.0;0.0;5;0
6;1654733337;20.088;53.61;0;400;12432;19058;939.738;0.0;0.0;0.0;0.0;0.0;6;0
7;1654733338;20.103;53.2;0;400;12439;19114;939.758;0.0;0.0;0.0;0.0;0.0;7;0
8;1654733339;20.117;52.81;0;400;12448;19155;939.758;0.0;0.0;0.0;0.0;0.0;8;0
9;1654733340;20.132;52.46;0;400;12453;19195;939.756;0.9;0.0;0.0;4.369;0.0;9;0
10;1654733341;20.146;52.15;0;400;12454;19230;939.757;0.89;0.0;0.0;4.289;0.0;10;0
11;1654733342;20.161;51.84;0;400;12467;19264;939.754;0.84;0.0;0.0;4.053;0.0;11;0
12;1654733343;20.175;51.62;0;400;12467;19299;939.755;0.81;0.0;0.0;3.909;2.488;12;0
13;1654733344;20.19;51.39;0;400;12469;19317;939.758;0.74;0.0;0.0;3.588;2.284;13;0
14;1654733345;20.204;51.17;0;403;12468;19338;939.742;0.71;0.0;0.0;3.419;2.176;14;0
15;1654733346;20.219;50.99;0;400;12475;19362;939.741;0.64;0.0;0.0;3.077;1.959;15;0
16;1654733347;20.233;50.86;0;400;12480;19382;939.758;0.6;0.0;0.0;2.908;1.851;16;0
17;1654733348;20.248;50.66;0;400;12477;19400;939.764;0.53;0.0;0.0;0.0;1.642;17;0
18;1654733349;20.262;50.49;0;400;12481;19422;939.761;0.5;0.0;0.0;2.423;1.542;18;0
19;1654733350;20.277;50.27;0;406;12489;19451;939.752;0.41;0.0;0.0;1.987;1.265;19;0
20;1654733351;20.291;50.15;0;400;12491;19456;939.729;0.38;0.0;0.0;1.855;0.0;20;0
21;1654733352;20.305;50.02;0;400;12487;19470;939.741;0.33;0.0;0.0;0.0;1.024;21;0
22;1654733353;20.32;49.96;0;400;12492;19489;939.756;0.31;0.0;0.0;1.497;0.953;22;0
23;1654733354;20.334;49.83;0;415;12495;19489;939.764;0.27;0.0;0.0;1.291;0.821;23;0
24;1654733355;20.348;49.76;0;400;12498;19503;939.77;0.25;0.0;0.0;1.197;0.762;24;0
25;1654733356;20.363;49.65;0;401;12499;19516;939.774;0.21;0.89;0.0;1.026;0.653;25;0
26;1654733357;20.377;49.58;0;404;12503;19525;939.771;0.2;0.82;0.0;0.949;0.604;26;0
27;1654733358;20.391;49.37;30;445;12478;19500;939.771;0.17;0.58;0.14;0.665;0.398;27;0
28;1654733359;20.406;49.58;36;455;12472;19487;939.77;0.16;0.56;0.13;0.644;0.385;28;0
29;1654733360;20.42;50.11;20;443;12471;19493;939.775;0.15;0.52;0.12;0.595;0.356;29;0
30;1654733361;20.434;50.68;16;435;12481;19509;939.772;0.14;0.5;0.12;0.569;0.34;30;0
31;1654733362;20.448;51.23;8;440;12482;19520;939.772;0.13;0.45;0.11;0.514;0.308;31;0
32;1654733363;20.462;51.77;11;440;12479;19515;939.762;0.12;0.42;0.1;0.487;0.291;32;0
33;1654733364;20.477;52.28;0;420;12486;19532;939.769;0.11;0.38;0.09;0.434;0.259;33;0
34;1654733365;20.491;52.74;0;414;12489;19535;939.747;0.1;0.36;0.08;0.408;0.244;34;0
35;1654733366;20.505;53.12;3;413;12490;19541;939.754;0.09;0.31;0.07;0.359;0.215;35;0
36;1654733367;20.519;53.5;0;410;12491;19541;939.755;0.08;0.29;0.07;0.336;0.201;36;0
37;1654733368;20.533;53.84;0;413;12498;19552;939.747;0.07;0.26;0.06;0.293;0.175;37;0
38;1654733369;20.547;54.13;0;400;12498;19569;939.757;0.07;0.24;0.06;0.273;0.163;38;0
39;1654733370;20.561;54.41;6;415;12491;19559;939.761;0.06;0.21;0.05;0.236;0.141;39;0
40;1654733371;20.575;54.67;7;406;12498;19553;939.766;0.06;0.19;0.05;0.219;0.131;40;0
41;1654733372;20.589;54.91;0;400;12503;19578;939.765;0.05;0.18;0.04;0.204;0.122;41;0
42;1654733373;20.603;55.08;0;410;12497;19565;939.761;0.04;0.15;0.04;0.175;0.105;42;0
43;1654733374;20.617;55.28;0;400;12505;19565;939.757;0.04;0.14;0.03;0.162;0.097;43;0
44;1654733375;20.631;55.49;0;400;12508;19581;939.762;0.03;0.12;0.03;0.138;0.083;44;0
45;1654733376;20.645;55.86;8;404;12501;19574;939.754;0.03;0.09;0.02;0.1;0.06;45;0
46;1654733377;20.659;55.99;9;406;12505;19582;939.754;0.02;0.08;0.02;0.092;0.055;46;0
47;1654733378;20.673;56.11;0;400;12507;19585;939.745;0.02;0.07;0.02;0.078;0.047;47;0
48;1654733379;20.687;56.18;0;400;12514;19594;939.741;0.02;0.06;0.01;0.072;0.043;48;0
49;1654733380;20.701;56.32;0;408;12510;19587;939.722;0.02;0.05;0.01;0.061;0.036;49;0
50;1654733381;20.715;56.36;6;416;12503;19580;939.711;0.01;0.05;0.01;0.056;0.033;50;0
51;1654733382;20.729;56.47;14;411;12508;19587;939.701;0.01;0.04;0.01;0.047;0.028;51;0
52;1654733383;20.743;56.55;11;404;12512;19596;939.693;0.01;0.04;0.01;0.043;0.026;52;0
53;1654733384;20.756;56.6;11;404;12513;19591;939.707;0.01;0.03;0.01;0.036;0.022;53;0
54;1654733385;20.77;56.66;4;400;12514;19595;939.718;0.01;0.03;0.01;0.033;0.02;54;0
55;1654733386;20.784;56.91;0;400;12535;19628;939.722;0.01;0.02;0.01;0.028;0.017;55;0
56;1654733387;20.798;56.64;0;400;12532;19626;939.721;0.01;0.02;0.01;0.026;0.015;56;0
57;1654733388;20.812;56.06;0;400;12538;19624;939.709;0.44;0.0;0.05;1.906;1.171;57;0
58;1654733389;20.825;55.38;0;400;12539;19629;939.714;0.33;0.0;0.04;1.428;0.877;58;0
59;1654733390;20.839;54.75;0;401;12539;19636;939.718;0.14;0.52;0.02;0.594;0.365;59;0
60;1654733391;20.853;54.14;4;406;12536;19627;939.719;0.08;0.32;0.01;0.364;0.223;60;0
61;1654733392;20.867;53.6;11;415;12529;19625;939.734;0.23;0.83;0.07;0.95;0.579;61;0
62;1654733393;20.88;53.11;0;400;12531;19635;939.746;0.21;0.78;0.07;0.893;0.545;62;0
63;1654733394;20.894;52.66;0;418;12536;19647;939.752;0.18;0.65;0.05;0.742;0.452;63;0
64;1654733395;20.908;52.27;10;411;12534;19635;939.76;0.16;0.59;0.05;0.678;0.414;64;0
65;1654733396;20.921;51.94;27;415;12527;19623;939.758;0.15;0.54;0.05;0.624;0.381;65;0
66;1654733397;20.935;51.66;18;413;12530;19635;939.762;0.13;0.47;0.04;0.541;0.33;66;0
67;1654733398;20.948;51.38;23;421;12532;19631;939.779;0.12;0.44;0.04;0.509;0.31;67;0
68;1654733399;20.962;51.16;13;407;12533;19627;939.767;0.11;0.39;0.03;0.448;0.273;68;0
69;1654733400;20.976;50.92;7;407;12536;19630;939.771;0.1;0.36;0.03;0.419;0.256;69;0
70;1654733401;20.989;50.72;18;401;12529;19622;939.77;0.09;0.32;0.03;0.366;0.223;70;0
71;1654733402;21.003;50.55;18;412;12534;19646;939.773;0.08;0.3;0.03;0.341;0.208;71;0
72;1654733403;21.016;50.38;18;417;12529;19623;939.763;0.07;0.26;0.02;0.295;0.18;72;0
73;1654733404;22.5164;50.24;18;413;12532;19626;939.772;0.07;0.24;0.02;0.274;0.167;73;0
74;1654733405;21.043;50.1;12;410;12533;19633;939.776;0.06;0.21;0.02;0.236;0.144;74;0
75;1654733406;21.057;49.93;20;417;12526;19622;939.779;0.05;0.19;0.02;0.219;0.133;75;0
76;1654733407;22.5164;49.88;19;400;12528;19620;939.777;0.04;0.16;0.01;0.187;0.114;76;0
77;1654733408;21.084;49.74;2;405;12536;19631;939.781;0.04;0.15;0.01;0.173;0.106;77;0
78;1654733409;21.097;49.67;16;408;12536;19619;939.778;0.04;0.13;0.01;0.148;0.09;78;0
79;1654733410;22.5164;49.55;15;404;12537;19631;939.764;0.03;0.12;0.01;0.136;0.083;79;0
80;1654733411;21.124;49.47;18;405;12534;19631;939.772;0.03;0.1;0.01;0.116;0.071;80;0
81;1654733412;21.137;49.44;6;400;12540;19638;939.777;0.03;0.09;0.01;0.106;0.065;81;0
82;1654733413;21.15;49.39;7;407;12540;19638;939.776;0.02;0.08;0.01;0.09;0.055;82;0
83;1654733414;21.164;49.31;12;420;12533;19630;939.784;0.02;0.07;0.01;0.083;0.051;83;0
84;1654733415;21.177;49.21;15;420;12536;19622;939.787;0.02;0.06;0.01;0.07;0.043;84;0
85;1654733416;21.19;49.07;41;448;12515;19596;939.779;0.02;0.06;0.0;0.064;0.039;85;0
86;1654733417;21.204;49.29;45;453;12516;19609;939.784;0.01;0.05;0.0;0.059;0.036;86;0
87;1654733418;21.217;49.81;54;462;12510;19599;939.787;0.01;0.04;0.0;0.05;0.03;87;0
88;1654733419;21.23;50.45;33;448;12517;19610;939.782;0.01;0.04;0.0;0.046;0.028;88;0
89;1654733420;21.243;51.03;42;439;12519;19608;939.781;0.01;0.03;0.0;0.038;0.023;89;0
90;1654733421;21.257;51.56;34;437;12512;19606;939.775;0.01;0.03;0.0;0.035;0.021;90;0
91;1654733422;21.27;52.04;26;441;12527;19617;939.78;0.01;0.03;0.0;0.029;0.018;91;0
92;1654733423;21.283;52.54;18;422;12525;19619;939.788;0.01;0.02;0.0;0.027;0.016;92;0
93;1654733424;21.296;52.92;35;438;12526;19615;939.791;0.01;0.02;0.0;0.023;0.014;93;0
94;1654733425;21.309;53.32;27;424;12522;19618;939.792;0.0;0.02;0.0;0.021;0.013;94;0
95;1654733426;21.323;53.65;23;419;12528;19619;939.799;0.22;0.69;0.39;0.788;0.449;95;0
96;1654733427;21.336;53.96;33;421;12524;19614;939.801;0.2;0.63;0.36;0.718;0.409;96;0
97;1654733428;21.349;54.25;21;417;12530;19610;939.795;0.16;0.49;0.28;0.561;0.32;97;0
98;1654733429;21.362;54.52;19;418;12529;19626;939.799;0.14;0.44;0.25;0.501;0.286;98;0
99;1654733430;21.375;54.74;14;405;12533;19624;939.784;0.12;0.36;0.21;0.414;0.236;99;0
100;1654733431;21.388;54.95;19;414;12527;19613;939.796;0.11;0.33;0.19;0.382;0.218;100;0
101;1654733432;21.401;55.16;20;408;12532;19621;939.775;0.09;0.29;0.17;0.332;0.189;101;0
102;1654733433;21.414;55.32;8;410;12533;19626;939.782;0.09;0.27;0.16;0.31;0.177;102;0
103;1654733434;21.427;55.53;16;406;12537;19629;939.788;0.08;0.24;0.14;0.27;0.154;103;0
104;1654733435;21.44;55.64;2;400;12536;19635;939.787;0.07;0.22;0.13;0.251;0.143;104;0
105;1654733436;21.453;55.81;15;406;12530;19631;939.789;0.06;0.19;0.11;0.217;0.124;105;0
106;1654733437;21.466;55.9;9;401;12543;19631;939.792;0.06;0.18;0.1;0.202;0.115;106;0
107;1654733438;21.479;56.07;12;402;12534;19624;939.794;0.05;0.16;0.09;0.187;0.107;107;0
108;1654733439;21.492;56.18;13;400;12537;19630;939.798;0.05;0.14;0.08;0.16;0.091;108;0
109;1654733440;21.505;56.24;8;402;12537;19631;939.795;0.04;0.13;0.07;0.148;0.085;109;0
110;1654733441;21.518;56.37;6;400;12540;19632;939.8;0.04;0.11;0.06;0.127;0.072;110;0
111;1654733442;21.531;56.42;11;409;12539;19627;939.803;0.03;0.1;0.06;0.117;0.067;111;0
112;1654733443;21.543;56.5;16;408;12536;19628;939.804;0.03;0.09;0.05;0.099;0.057;112;0
113;1654733444;21.556;56.62;13;401;12540;19626;939.809;0.03;0.08;0.05;0.092;0.052;113;0
114;1654733445;21.569;56.69;11;400;12540;19626;939.809;0.02;0.07;0.04;0.078;0.044;114;0
115;1654733446;21.582;56.91;0;400;12565;19664;939.8;0.02;0.06;0.04;0.071;0.041;115;0
116;1654733447;21.595;56.65;0;400;12565;19673;939.807;0.02;0.05;0.03;0.06;0.034;116;0
117;1654733448;21.607;56.13;0;400;12565;19663;939.806;0.02;0.05;0.03;0.055;0.032;117;0
118;1654733449;21.62;55.44;0;402;12566;19669;939.795;0.01;0.04;0.02;0.047;0.027;118;0
119;1654733450;21.633;54.78;0;408;12565;19672;939.799;0.01;0.04;0.02;0.043;0.024;119;0
120;1654733451;21.646;54.24;10;419;12562;19658;939.802;0.01;0.03;0.02;0.036;0.021;120;0
121;1654733452;21.658;53.68;2;415;12558;19654;939.791;0.01;0.03;0.02;0.033;0.019;121;0
122;1654733453;21.671;53.18;2;404;12560;19659;939.792;0.01;0.02;0.01;0.028;0.016;122;0
123;1654733454;21.684;52.75;0;400;12563;19658;939.798;0.01;0.02;0.01;0.025;0.015;123;0
124;1654733455;21.696;52.37;6;408;12562;19648;939.798;0.01;0.02;0.01;0.021;0.012;124;0
125;1654733456;21.709;52.01;2;413;12567;19661;939.804;0.01;0.02;0.01;0.02;0.011;125;0
126;1654733457;21.722;51.72;10;415;12557;19654;939.802;0.0;0.01;0.01;0.016;0.009;126;0
127;1654733458;21.734;51.45;7;413;12558;19659;939.803;0.0;0.01;0.01;0.015;0.009;127;0
128;1654733459;21.747;51.18;2;413;12565;19665;939.805;0.0;0.01;0.01;0.014;0.008;128;0
129;1654733460;21.76;51.01;9;417;12563;19662;939.8;0.0;0.01;0.01;0.011;0.006;129;0
130;1654733461;21.772;50.78;10;417;12565;19664;939.788;0.0;0.01;0.01;0.01;0.006;130;0
131;1654733462;21.785;50.64;2;401;12564;19650;939.784;0.0;0.01;0.0;0.009;0.005;131;0
132;1654733463;21.797;50.46;1;407;12563;19659;939.782;0.0;0.01;0.0;0.008;0.005;132;0
133;1654733464;21.81;50.3;0;400;12565;19658;939.773;0.0;0.01;0.0;0.007;0.004;133;0
134;1654733465;21.822;50.16;21;425;12561;19649;939.782;0.0;0.01;0.0;0.006;0.003;134;0
135;1654733466;21.835;50.04;10;426;12559;19649;939.796;0.0;0.0;0.0;0.005;0.003;135;0
136;1654733467;21.847;49.93;6;420;12566;19662;939.791;0.0;0.0;0.0;0.005;0.003;136;0
137;1654733468;21.86;49.85;6;417;12562;19653;939.792;0.0;0.0;0.0;0.004;0.002;137;0
138;1654733469;21.872;49.76;8;420;12565;19660;939.806;0.0;0.0;0.0;0.003;0.002;138;0
139;1654733470;21.885;49.64;5;417;12564;19655;939.821;0.0;0.0;0.0;0.003;0.002;139;0
140;1654733471;21.897;49.58;11;411;12563;19651;939.815;0.0;0.0;0.0;0.003;0.001;140;0
141;1654733472;21.909;49.5;11;421;12563;19647;939.805;0.0;0.0;0.0;0.002;0.001;141;0
142;1654733473;21.922;49.42;0;414;12571;19657;939.805;0.0;0.0;0.0;0.002;0.001;142;0
143;1654733474;21.934;49.38;7;418;12565;19653;939.803;0.0;0.0;0.0;0.002;0.001;143;0
144;1654733475;21.946;49.33;4;406;12565;19659;939.819;0.0;0.0;0.0;0.001;0.001;144;0
145;1654733476;21.959;49.16;28;442;12547;19629;939.812;0.0;0.0;0.0;0.001;0.001;145;0
146;1654733477;21.971;49.32;39;455;12541;19629;939.817;0.0;0.0;0.0;0.001;0.001;146;0
147;1654733478;21.983;49.87;29;440;12544;19631;939.813;0.0;0.0;0.0;0.001;0.001;147;0
148;1654733479;21.996;50.49;31;445;12545;19632;939.81;0.0;0.0;0.0;0.001;0.0;148;0
149;1654733480;22.008;51.08;28;453;12548;19631;939.818;0.0;0.0;0.0;0.001;0.0;149;0
150;1654733481;22.5164;51.65;26;440;12549;19633;939.832;0.0;0.0;0.0;0.001;0.0;150;0
151;1654733482;22.032;52.13;28;433;12543;19638;939.82;0.21;0.54;0.58;0.614;0.324;151;0
152;1654733483;22.044;52.62;23;433;12558;19649;939.815;0.15;0.41;0.44;0.46;0.243;152;0
153;1654733484;22.057;53.02;20;430;12554;19644;939.815;0.1;0.27;0.29;0.307;0.162;153;0
154;1654733485;22.069;53.45;21;438;12550;19642;939.817;0.04;0.1;0.11;0.115;0.061;154;0
155;1654733486;22.081;53.75;16;426;12554;19644;939.817;0.02;0.06;0.06;0.067;0.035;155;0
156;1654733487;22.093;54.05;26;431;12556;19638;939.811;0.01;0.02;0.02;0.022;0.011;156;0
157;1654733488;22.105;54.36;32;437;12552;19637;939.809;0.0;0.01;0.01;0.012;0.006;157;0
158;1654733489;22.117;54.59;29;417;12559;19641;939.813;0.0;0.0;0.0;0.004;0.002;158;0
159;1654733490;22.13;54.83;21;420;12567;19645;939.81;0.0;0.0;0.0;0.002;0.001;159;0
160;1654733491;22.142;55.03;20;420;12560;19641;939.794;0.0;0.0;0.0;0.001;0.0;160;0
161;1654733492;22.154;55.25;20;421;12567;19654;939.791;0.0;0.0;0.0;0.0;0.0;161;0
162;1654733493;22.166;55.46;12;415;12565;19639;939.791;0.0;0.0;0.0;0.0;0.0;162;0
163;1654733494;22.178;55.61;11;410;12562;19649;939.799;0.0;0.0;0.0;0.0;0.0;163;0
164;1654733495;22.19;55.73;11;400;12568;19652;939.805;0.0;0.0;0.0;0.0;0.0;164;0
165;1654733496;22.202;55.88;18;417;12567;19656;939.812;0.0;0.0;0.0;0.0;0.0;165;0
166;1654733497;22.214;56.02;14;403;12566;19656;939.812;0.0;0.0;0.0;0.0;0.0;166;0
167;1654733498;22.226;56.14;17;405;12571;19659;939.821;0.0;0.0;0.0;0.0;0.0;167;0
168;1654733499;22.238;56.26;11;401;12564;19660;939.823;0.0;0.0;0.0;0.0;0.0;168;0
169;1654733500;22.25;56.32;2;403;12577;19663;939.826;0.0;0.0;0.0;0.0;0.0;169;0
170;1654733501;22.262;56.43;2;400;12568;19662;939.815;0.0;0.0;0.0;0.0;0.0;170;0
171;1654733502;22.273;56.53;5;404;12570;19659;939.808;0.0;0.0;0.0;0.0;0.0;171;0
172;1654733503;22.285;56.63;4;404;12579;19665;939.808;0.0;0.0;0.0;0.0;0.0;172;0
173;1654733504;22.297;56.69;6;403;12571;19661;939.81;0.0;0.0;0.0;0.0;0.0;173;0
174;1654733505;22.309;56.76;2;400;12577;19663;939.82;0.0;0.0;0.0;0.0;0.0;174;0
175;1654733506;22.321;56.99;0;400;12592;19679;939.817;0.0;0.0;0.0;0.0;0.0;175;0
176;1654733507;22.333;56.77;0;400;12597;19694;939.815;0.0;0.0;0.0;0.0;0.0;176;0
177;1654733508;22.344;55.02;0;401;12597;19689;939.817;0.0;0.0;0.0;0.0;0.0;177;0
178;1654733509;22.356;54.41;0;408;12597;19685;939.809;0.0;0.0;0.0;0.0;0.0;178;0
179;1654733510;22.368;53.84;1;410;12587;19681;939.803;0.0;0.0;0.0;0.0;0.0;179;0
180;1654733511;22.38;53.38;0;402;12598;19689;939.81;0.0;0.0;0.0;0.0;0.0;180;0
181;1654733512;22.392;51.95;4;413;12591;19675;939.809;0.0;0.0;0.0;0.0;0.0;181;0
182;1654733513;22.403;51.66;0;400;12594;19682;939.81;0.0;0.0;0.0;0.0;0.0;182;0
183;1654733514;22.415;51.38;2;409;12594;19693;939.814;0.0;0.0;0.0;0.0;0.0;183;0
184;1654733515;22.427;51.19;1;405;12592;19678;939.815;0.0;0.0;0.0;0.0;0.0;184;0
185;1654733516;22.438;50.83;12;400;12596;19688;939.806;0.0;0.0;0.0;0.0;0.0;185;0
186;1654733517;22.45;50.65;1;401;12598;19680;939.798;0.0;0.0;0.0;0.0;0.0;186;0
187;1654733518;22.462;50.49;12;412;12594;19680;939.804;0.0;0.0;0.0;0.0;0.0;187;0
188;1654733519;22.473;50.36;1;407;12592;19674;939.806;0.0;0.0;0.0;0.0;0.0;188;0
189;1654733520;22.485;50.2;13;409;12596;19677;939.801;0.0;0.0;0.0;0.0;0.0;189;0
190;1654733521;22.497;50.09;2;405;12596;19681;939.803;0.0;0.0;0.0;0.0;0.0;190;0
191;1654733522;22.508;49.96;15;403;12593;19681;939.806;0.0;0.0;0.0;0.0;0.0;191;0
192;1654733523;22.52;49.89;3;402;12600;19679;939.81;0.82;0.0;0.0;2.349;1.216;192;0
193;1654733524;22.531;49.78;12;409;12596;19677;939.807;0.81;0.0;0.0;2.326;1.204;193;0
194;1654733525;22.543;49.71;1;400;12597;19676;939.813;0.77;0.0;0.0;2.226;1.153;194;0
195;1654733526;22.554;49.63;6;401;12594;19673;939.81;0.75;0.0;0.0;2.158;1.117;195;0
196;1654733527;22.566;49.57;0;402;12596;19684;939.803;0.69;0.0;0.0;1.765;0.844;196;0
197;1654733528;22.577;49.52;8;402;12596;19677;939.806;0.67;0.0;0.0;1.703;0.814;197;0
198;1654733529;22.589;49.43;8;405;12595;19676;939.812;0.62;0.0;0.0;1.563;0.748;198;0
199;1654733530;22.5164;49.23;34;440;12576;19646;939.813;0.59;0.0;0.0;0.0;0.713;199;0
200;1654733531;22.612;49.5;27;440;12577;19649;939.815;0.53;0.0;0.0;1.341;0.642;200;0
